"ACRONIMO";"Columna1";"Observaciones";
"A/F";"Alferez de Fragata";;
"AAD";"Apoyo Aéreo Directo";;
"ACEGUE";"ACadEmia de GUErra naval";;
"ACINT";"INTELIGENCIA ACÚSTICA";"Denominación Internacional";
"ACJ";"Asiciación Cristiana de Jóvenes";;
"ACNUR";"Alto Comisionado de las Naciones Unidas para los Refugiados";;
"AD";"Artillería Divisionaria";"FIC Extensión";
"ADO";"Acción Democrática Oriental";;
"AEM";"Asosiacion de Estudiantes de Medicina";;
"AER MIL";"AERopuerto MILitar";;
"AFUDE";"Asociación de Familiares de Uruguayos Desaparecidos en el Exterior";"hay una referencia a San Pablo";
"AGCHIN";"Agregado Militar,  Naval y Aéreo de la República Oriental del Uruguay en China";"Agregadurías Navales";"ARMADA NACIONAL-PREFECTURA NACIONAL NAVAL-PLAN DE COMUNICACIONES-PRENA Nº 1/03-2003"
"AGRAL";"Agregado Militar, Naval y Aéreo de la República Oriental del Uruguay en Alemania";"Agregadurías Navales";"ARMADA NACIONAL-PREFECTURA NACIONAL NAVAL-PLAN DE COMUNICACIONES-PRENA Nº 1/03-2003"
"AGREA";"Agregado Naval de la República Oriental del Uruguay en la República Argentina";"Agregadurías Navales";"ARMADA NACIONAL-PREFECTURA NACIONAL NAVAL-PLAN DE COMUNICACIONES-PRENA Nº 1/03-2003"
"AGREB";"AGencia de REsidentes en Brasilia";;
"AGREB";"Agregado Naval de la República Oriental del Uruguay en la República Federativa del Brasil";"Agregadurías Navales";"ARMADA NACIONAL-PREFECTURA NACIONAL NAVAL-PLAN DE COMUNICACIONES-PRENA Nº 1/03-2003"
"AGREBO";"Agregado Militar, Naval y Aéreo de la República Oriental del Uruguay en Bolivia";"Agregadurías Navales";"ARMADA NACIONAL-PREFECTURA NACIONAL NAVAL-PLAN DE COMUNICACIONES-PRENA Nº 1/03-2003"
"AGRECH";"Agregado Naval de la República Oriental del Uruguay en la República de Chile, Concurrente en Ecuador";"Agregadurías Navales";"ARMADA NACIONAL-PREFECTURA NACIONAL NAVAL-PLAN DE COMUNICACIONES-PRENA Nº 1/03-2003"
"AGRECO";"Agregado Militar, Naval y Aéreo de la República Oriental del Uruguay en Colombia";"Agregadurías Navales";"ARMADA NACIONAL-PREFECTURA NACIONAL NAVAL-PLAN DE COMUNICACIONES-PRENA Nº 1/03-2003"
"AGREE";"Agregado Naval de la República Oriental del Uruguay ante el Reino de España";"Agregadurías Navales";"ARMADA NACIONAL-PREFECTURA NACIONAL NAVAL-PLAN DE COMUNICACIONES-PRENA Nº 1/03-2003"
"AGREME";"Agregado  de Defensa a la Embajada";;
"AGREME";"Agregado Naval de la República Oriental del Uruguay en México";"Agregadurías Navales";"ARMADA NACIONAL-PREFECTURA NACIONAL NAVAL-PLAN DE COMUNICACIONES-PRENA Nº 1/03-2003"
"AGREN";"AGREgado Naval en el extranjero";;
"AGREPA";"Agregado Militar, Naval y Aéreo de la República Oriental del Uruguay en Paraguay";"Agregadurías Navales";"ARMADA NACIONAL-PREFECTURA NACIONAL NAVAL-PLAN DE COMUNICACIONES-PRENA Nº 1/03-2003"
"AGREPE";"Agregado Naval de la República Oriental del Uruguay en Perú";"Agregadurías Navales";"ARMADA NACIONAL-PREFECTURA NACIONAL NAVAL-PLAN DE COMUNICACIONES-PRENA Nº 1/03-2003"
"AGRESA";"Agregado Militar, Naval y Aéreo de la República Oriental del Uruguay en Sudáfrica";"Agregadurías Navales";"ARMADA NACIONAL-PREFECTURA NACIONAL NAVAL-PLAN DE COMUNICACIONES-PRENA Nº 1/03-2004"
"AGREVE";"Agregado Militar, Naval y Aéreo de la República Oriental del Uruguay en Venezuela";"Agregadurías Navales";"ARMADA NACIONAL-PREFECTURA NACIONAL NAVAL-PLAN DE COMUNICACIONES-PRENA Nº 1/03-2005"
"AGRIN";"Agregado Naval de la República Oriental del Uruguay en Inglaterra";"Agregadurías Navales";"ARMADA NACIONAL-PREFECTURA NACIONAL NAVAL-PLAN DE COMUNICACIONES-PRENA Nº 1/03-2006"
"AGRIS";"Agregado Militar, Naval y Aéreo de la República Oriental del Uruguay en Israel";"Agregadurías Navales";"ARMADA NACIONAL-PREFECTURA NACIONAL NAVAL-PLAN DE COMUNICACIONES-PRENA Nº 1/03-2007"
"AGRIT";"Agregado Militar, Naval y Aéreo de la República Oriental del Uruguay en Italia";"Agregadurías Navales";"ARMADA NACIONAL-PREFECTURA NACIONAL NAVAL-PLAN DE COMUNICACIONES-PRENA Nº 1/03-2007"
"AGRUSA";"Agregado Naval de la República Oriental del Uruguay en los Estados Unidos de América, Concurrente en Canadá";"Agregadurías Navales";"ARMADA NACIONAL-PREFECTURA NACIONAL NAVAL-PLAN DE COMUNICACIONES-PRENA Nº 1/03-2007"
"AGRUSA";"Agregado Militar, Naval y Aéreo de la República Oriental del Uruguay en Rusia";"Agregadurías Navales";"ARMADA NACIONAL-PREFECTURA NACIONAL NAVAL-PLAN DE COMUNICACIONES-PRENA Nº 1/03-2007"
"AGUSA";"AGencia USA";;
"AGUSA";"Agregado Naval Uruguayo en los Estados Unidos";;"ARMADA NACIONAL-PREFECTURA NACIONAL NAVAL-PLAN DE COMUNICACIONES-PRENA Nº 1/03-2006"
"ALDHU";"Asociación Latinoamericana para los Derechos Humanos";;
"ALECAR";"Asesoría Letrada del Comando General de la Armada";;"ARMADA NACIONAL-PREFECTURA NACIONAL NAVAL-PLAN DE COMUNICACIONES-PRENA Nº 1/03-2006"
"ALESM";"Asesoría Letrada del Estado Mayor";;
"ALN";"Alianza Libertadora Nacionalista";;
"AM-25";;;
"AM-26";;;
"AMS";"Asosiación de Militantes Socialistas";;
"AMULP";"Asociacion de Mujeres Uruguayas Lourdes Pintos";;
"A/N";"Armada Nacional";;
"ANCAP";"Administración Nacional Combustible, Alcohol y Portland";;
"ANACE";"Area Naval CErro- punta lobos";"Base Naval Principal";
"ANACE";"Área naval Cerro";;"ARMADA NACIONAL-PREFECTURA NACIONAL NAVAL-PLAN DE COMUNICACIONES-PRENA Nº 1/03-2006"
"ANAGU";"Área Naval Guruyu";;"ARMADA NACIONAL-PREFECTURA NACIONAL NAVAL-PLAN DE COMUNICACIONES-PRENA Nº 1/03-2006"
"ANALA";"Área Naval Laguna del Sauce";;"ARMADA NACIONAL-PREFECTURA NACIONAL NAVAL-PLAN DE COMUNICACIONES-PRENA Nº 1/03-2006"
"ANAMI";"Area Naval MIramar- carrasco";"Campo educativo Naval";
"ANAPA";"Area Naval La Paloma";;"ARMADA NACIONAL-PREFECTURA NACIONAL NAVAL-PLAN DE COMUNICACIONES-PRENA Nº 1/03-2006"
"ANAPU";"Area Naval del PUerto";;
"ANAPU";"Área Naval Puerto";;"ARMADA NACIONAL-PREFECTURA NACIONAL NAVAL-PLAN DE COMUNICACIONES-PRENA Nº 1/03-2007"
"ANCAR";"Area Naval Comando de la ARmada";"Comando General";
"ANCEN";"Área Naval Centro";;"ARMADA NACIONAL-PREFECTURA NACIONAL NAVAL-PLAN DE COMUNICACIONES-PRENA Nº 1/03-2006"
"ANPAL";"Apostadero Naval del puerto de la PALoma";;
"ANPAL";"Jefe de la Base Naval ""C/C ERNESTO MOTTO"".";;"ARMADA NACIONAL-PREFECTURA NACIONAL NAVAL-PLAN DE COMUNICACIONES-PRENA Nº 1/03-2006"
"ANTEL";"Administración Nacional de TELecomunicaciones";;
"APJA";;;
"ARCHIVO";;;
"ARNAV";"ARsenal NAVal";;
"AROU";"Armada de la ROU";;
"AS:";"ASunto:";;"ARCHIVO PNN/CASOS JUDICIALIZADOS/Caso San Juan 1976/Documentos Papel/JPG/CNNCaso SJuan-001fs01a-1178.JPG"
"ASELA";"ASEsoría Letrada de la Armada";;
"ASELA";"Asesoría Letrada de la Prefectura Nacional Naval";;"ARMADA NACIONAL-PREFECTURA NACIONAL NAVAL-PLAN DE COMUNICACIONES-PRENA Nº 1/03-2006"
"ASEMG";"Asesoría del Jefe del Estado Mayor General de la Armada";;"ARMADA NACIONAL-PREFECTURA NACIONAL NAVAL-PLAN DE COMUNICACIONES-PRENA Nº 1/03-2006"
"ASEMG      ";"Jefe de la Asesoría del Jefe del Estado Mayor General de la Armada";;"ARMADA NACIONAL-PREFECTURA NACIONAL NAVAL-PLAN DE COMUNICACIONES-PRENA Nº 1/03-2006"
"ASP";"Autorización Salidas Personales";;
"ASTEC";"Asesoria Técnica del comando de la Flota";;"ARMADA NACIONAL-PREFECTURA NACIONAL NAVAL-PLAN DE COMUNICACIONES-PRENA Nº 1/03-2006"
"ASU";"Axión Sindical del Uruguay";;
"AT";"Apoyo Técnico (Dpto. V SID)";;
"AU";"Asamblea Uruguay";;
"AUDEM";"Asocición Uruguaya DE Músicos";;
"AUTE";"Agrupación de funcionarios de UTE";;
"AYCAR";"Ayudante del Comandante en Jefe de la Armada.";;"ARMADA NACIONAL-PREFECTURA NACIONAL NAVAL-PLAN DE COMUNICACIONES-PRENA Nº 1/03-2006"
"AYEMA";"AYudantía del Estado MAyor";;
"AYEMA";"Ayudante del Jefe del Estado Mayor General de la Armada";;"ARMADA NACIONAL-PREFECTURA NACIONAL NAVAL-PLAN DE COMUNICACIONES-PRENA Nº 1/03-2006"
"AYFLO";"Ayudante del Comandante de la Flota";;"ARMADA NACIONAL-PREFECTURA NACIONAL NAVAL-PLAN DE COMUNICACIONES-PRENA Nº 1/03-2006"
"AYPRE";"AYudantia de la PREfectura nacional naval";;
"AYPRE";"Ayudante del Prefecto Nacional Naval";;"ARMADA NACIONAL-PREFECTURA NACIONAL NAVAL-PLAN DE COMUNICACIONES-PRENA Nº 1/03-2006"
"AYUD.";;;
"AYUDANTIA OJA";;;
"BAEN";;;"Viene de FAN DE PEDREIRA BRUM Carlos, remite a un informe de BAEN 2"
"BAEN-2";"Base Aeronaval ""C/C Carlos Curbelo""";;"DND_(CD 3er Informe)_ ARMADA NACIONAL COMANDO GENERAL DE LA ARMADA QUINTA DIVISION DEL ESTADO MAYOR GENRAL Guía Telefónica edición 2006"
"BAEN2";"Base Aeronaval Nr. 2 ""C/C CARLOS CURBELO"".";;"ARMADA NACIONAL-PREFECTURA NACIONAL NAVAL-PLAN DE COMUNICACIONES-PRENA Nº 1/03-2006"
"BAF";"Base de Apoyo por Fuego";;
"BANAPU";"BAse Naval del PUerto de montevideo";;
"BANAPU";"Base Naval del Puerto de Montevideo “C/N Carlos Machitelli”";;"ARMADA NACIONAL-PREFECTURA NACIONAL NAVAL-PLAN DE COMUNICACIONES-PRENA Nº 1/03-2006"
"BDT";"Banda de Delincuentes Terroristas";"Dossier 4844A Montoneros (Argentina)";
"BIENA";"Dirección de Bienestar Naval";;"DND_(CD 3er Informe)_ ARMADA NACIONAL COMANDO GENERAL DE LA ARMADA QUINTA DIVISION DEL ESTADO MAYOR GENRAL Guía Telefónica edición 2006"
"BIENA";"Bienestar Naval";;"ARMADA NACIONAL-PREFECTURA NACIONAL NAVAL-PLAN DE COMUNICACIONES-PRENA Nº 1/03-2006"
"BHU";"Banco Hipotecario del Uruguay";;
"BMDN";"Boletin de Ministerio de Defensa Nacional";;
"BOD";"Boletín Oficial del Ministerio de Defensa";;
"BRIGINST";"BRIGada de INSTrucción FUSNA";;
"BRIGSER";"BRIGada de SERvicios";;
"C";"Partido Colorado";;"Dossier 2201"
"C S OCOA";"[Carpeta S OCOA]";;
"C/C";"Capitán de Corbeta";;
"C/E";"Cuerpo de Equipaje";;
"C/F- C.F.";"Capitán de Fragata";;
"C/I";"Contra Inteligencia";;
"C/N";"Capitán de Navío";;
"C/S";"Carta de Servicio";;
"C/S® Nro 15/982dossier Nro 6877 Operación Lagarto año 82";"Faro de Isla de Flores.";;"ARMADA NACIONAL-PREFECTURA NACIONAL NAVAL-PLAN DE COMUNICACIONES-PRENA Nº 1/03-2006"
"C/S® Nro 15/982dossier Nro 6877 Operación Lagarto año 82";"OBJetivos";;
"C/S® Nro 15/982dossier Nro 6877 Operación Lagarto año 82";"Jefe de la Oficina de Tasas a la Navegación Marítima.";;"ARMADA NACIONAL-PREFECTURA NACIONAL NAVAL-PLAN DE COMUNICACIONES-PRENA Nº 1/03-2006"
"C/T ó CT";"Carpeta Técnica";;
"CAA";"Comando Apoyo Adminitrativo";;
"CAA";"Cuerpo de Aprovisionamiento y Administración";;
"CAANACE";"Centro Asistencial del Area Naval Cerro";;"ARMADA NACIONAL-PREFECTURA NACIONAL NAVAL-PLAN DE COMUNICACIONES-PRENA Nº 1/03-2003"
"CAANAMI";"Centro Asistencial del Área Naval Miramar";;"ARMADA NACIONAL-PREFECTURA NACIONAL NAVAL-PLAN DE COMUNICACIONES-PRENA Nº 1/03-2003"
"CAANAPU";"Centro Asistencial Área Naval Puerto";;
"CAANAPU";"Centro Asistencial del Área Naval Puerto.";;"ARMADA NACIONAL-PREFECTURA NACIONAL NAVAL-PLAN DE COMUNICACIONES-PRENA Nº 1/03-2003"
"CAANPAL";"Centro Asistencial del Área Naval La Paloma.";;"ARMADA NACIONAL-PREFECTURA NACIONAL NAVAL-PLAN DE COMUNICACIONES-PRENA Nº 1/03-2004"
"CABAEN2";"Centro Asistencial Base Aeronaval Nr.2.";;"ARMADA NACIONAL-PREFECTURA NACIONAL NAVAL-PLAN DE COMUNICACIONES-PRENA Nº 1/03-2005"
"CABUC";"Centro de Adiestramiento del Grupo de Buceo.";;"ARMADA NACIONAL-PREFECTURA NACIONAL NAVAL-PLAN DE COMUNICACIONES-PRENA Nº 1/03-2006"
"CACOMAR";"Centro Asistencial COMAR - PRENA.";;"ARMADA NACIONAL-PREFECTURA NACIONAL NAVAL-PLAN DE COMUNICACIONES-PRENA Nº 1/03-2007"
"CACSON";"Cooperativa de Ahorro y Crédito del Centro de Suboficiales Navales";"Instituciones Sociales";
"CAFMO";"Centro Asistencial Familiar Montevideo";;
"CAFMO";"Centro Asistencial Familiar Montevideo.";;"ARMADA NACIONAL-PREFECTURA NACIONAL NAVAL-PLAN DE COMUNICACIONES-PRENA Nº 1/03-2003"
"CAFPRELA";"Centro Asistencial Familiar Rocha.";;"ARMADA NACIONAL-PREFECTURA NACIONAL NAVAL-PLAN DE COMUNICACIONES-PRENA Nº 1/03-2004"
"CAFPREMA";"Centro Asistencial Familiar Maldonado.";;"ARMADA NACIONAL-PREFECTURA NACIONAL NAVAL-PLAN DE COMUNICACIONES-PRENA Nº 1/03-2005"
"CAFPRESA";"Centro Asistencial Familiar Salto.";;"ARMADA NACIONAL-PREFECTURA NACIONAL NAVAL-PLAN DE COMUNICACIONES-PRENA Nº 1/03-2006"
"CAFR";"Centro Asistencial Familiar de Rocha";;
"CAFUM";"Centro de Adiestramiento de las FUerzas de Mar";;
"CAFUS";"Centro de Adiestramiento del Cuerpo de Fusileros Navales.";;"ARMADA NACIONAL-PREFECTURA NACIONAL NAVAL-PLAN DE COMUNICACIONES-PRENA Nº 1/03-2003"
"CAFUSNA";"Centro Asistencial del Cuerpo de Fusileros Navales.";;"ARMADA NACIONAL-PREFECTURA NACIONAL NAVAL-PLAN DE COMUNICACIONES-PRENA Nº 1/03-2003"
"CAI";"Con Antecedentes Ideológicos";;
"CAL";;"INFORME DE INVESTIGACIÓN N.º 01/3174 (punto 3 ALCANCE)";
"CALEN";"Director del Centro de Altos Estudios Nacionales.";;"ARMADA NACIONAL-PREFECTURA NACIONAL NAVAL-PLAN DE COMUNICACIONES-PRENA Nº 1/03-2003"
"CALFUEMA";"Centro de Abastecimiento Logístico de las Fuerzas de Mar";;
"CAMAS";"Coordinador Areas Marítimas Atlántico Sur";"Agregado Naval Adjunto como Delegado Coordinador del Área Marítima del Atlántico Sur. Según decreto N° 475/990 del 16/10 /990";
"CAMAS";"Coordinador del Área Marítima del Atlántico Sur.";;"ARMADA NACIONAL-PREFECTURA NACIONAL NAVAL-PLAN DE COMUNICACIONES-PRENA Nº 1/03-2003"
"CAMMAS";"Coordinador Areas Marítimas Atlántico Sur";;
"CAN";;"INFORME DE INVESTIGACIÓN N.º 01/3174 (punto 3 ALCANCE)";
"CAOFA";"Cooperativa de Ahorro de Oficiales de las FFAA";"Instituciones Sociales";
"CAPRE";;;
"CAPRECA";"Centro Asistencial Canelones.";;"ARMADA NACIONAL-PREFECTURA NACIONAL NAVAL-PLAN DE COMUNICACIONES-PRENA Nº 1/03-2003"
"CAPREFA";"Centro Asistencial Fray Bentos.";;"ARMADA NACIONAL-PREFECTURA NACIONAL NAVAL-PLAN DE COMUNICACIONES-PRENA Nº 1/03-2004"
"CAPREMA";"Centro Asistencial Maldonado.";;"ARMADA NACIONAL-PREFECTURA NACIONAL NAVAL-PLAN DE COMUNICACIONES-PRENA Nº 1/03-2005"
"CAPREPA";"Centro Asistencial Paysandú.";;"ARMADA NACIONAL-PREFECTURA NACIONAL NAVAL-PLAN DE COMUNICACIONES-PRENA Nº 1/03-2006"
"CAPRESA";"Centro Asistencial Salto.";;"ARMADA NACIONAL-PREFECTURA NACIONAL NAVAL-PLAN DE COMUNICACIONES-PRENA Nº 1/03-2007"
"CAPTIGRE";"Centro Asistencial Punta Tigre.";;"ARMADA NACIONAL-PREFECTURA NACIONAL NAVAL-PLAN DE COMUNICACIONES-PRENA Nº 1/03-2006"
"CAPU";"Cuerpo de Apoyo Puerto";;
"CARP";"Carpeta";;
"CASE";"Comisión Asesora de los Servicios de la Estiva";;
"CASUBEL";"Centro Asistencial Bella Unión.";;"ARMADA NACIONAL-PREFECTURA NACIONAL NAVAL-PLAN DE COMUNICACIONES-PRENA Nº 1/03-2003"
"CASUPIR";"Centro Asistencial Piriápolis.";;"ARMADA NACIONAL-PREFECTURA NACIONAL NAVAL-PLAN DE COMUNICACIONES-PRENA Nº 1/03-2004"
"CBI";"Curso Básico de Inteligencia";;
"CC/CC";"Centros de Comunicaciones";;"ARMADA NACIONAL-PREFECTURA NACIONAL NAVAL-PLAN DE COMUNICACIONES-PRENA Nº 1/03-2003"
"CCP";"Centro de comunicaciones Primario";;"ARMADA NACIONAL-PREFECTURA NACIONAL NAVAL-PLAN DE COMUNICACIONES-PRENA Nº 1/03-2004"
"CCR";;;"ARMADA NACIONAL-PREFECTURA NACIONAL NAVAL-PLAN DE COMUNICACIONES-PRENA Nº 1/03-2005"
"CCS";"Centro de comunicaciones Secundario";;"ARMADA NACIONAL-PREFECTURA NACIONAL NAVAL-PLAN DE COMUNICACIONES-PRENA Nº 1/03-2006"
"CCU";"Centro Cooperativista Uruguayo";;
"CDU";"Convergencia Democrática del Uruguay";;"BAF 120"
"CECOMAPA";"Centro Coordinador de Misiones de Paz de la Armada";"CECOMAPA N10";"DND_(CD 3er Informe)_ ARMADA NACIONAL COMANDO GENERAL DE LA ARMADA QUINTA DIVISION DEL ESTADO MAYOR GENRAL Guía Telefónica edición 2006"
"CECOMAPA";"Centro Coordinador de Misiones de Paz de la Armada";;"DND_(CD 3er Informe)_ ARMADA NACIONAL COMANDO GENERAL DE LA ARMADA QUINTA DIVISION DEL ESTADO MAYOR GENRAL Guía Telefónica edición 2006"
"CECOPRE";"Centro de Comunicaciones";;
"CEDAS";"CEntro Docente ASociado";"Eela de Graduados de Medicina";
"CEDIMEN";;;
"CEHIS";"Centro de Estudios Históricos";;
"CEHIS";"Centro Histórico y Museo Naval";;"DND_(CD 3er Informe)_ ARMADA NACIONAL COMANDO GENERAL DE LA ARMADA QUINTA DIVISION DEL ESTADO MAYOR GENRAL Guía Telefónica edición 2006"
"CEHIS";"Centro de Estudios Históricos Navales y Marítimos.
";;"ARMADA NACIONAL-PREFECTURA NACIONAL NAVAL-PLAN DE COMUNICACIONES-PRENA Nº 1/03-2003"
"CEIBO – 1";"Director del SID";;
"CEIBO – SID";;;
"CESUB";"Centro de Suboficiales Navales";"Instituciones Sociales";
"CESUB";"Presidente del Centro de Sub Oficiales Navales.";;"ARMADA NACIONAL-PREFECTURA NACIONAL NAVAL-PLAN DE COMUNICACIONES-PRENA Nº 1/03-2003"
"CETEL";"[Central telefónica]";;
"CG";"Cuerpo General";;
"CGA";"Comando General de la Armada";;
"CGA";"Comprobación General de Agencia";"INFORME DE INVESTIGACIÓN N.º 01/3174 (punto 3 ALCANCE)";
"CGA";"[Contaduria General de la Armada]";;
"CGE";"Comando General del Ejército";;
"CGIOR";"Centro General de Instrucción para Oficiales de Reserva.";;
"CHCP";"Constancia Habilitación Cargos Públicos (Dto. I – SID R547-855)";;
"CI";"Comunicado Interno";;
"CI";"Contra Inteligencia";"Denominación Internacional";
"CIARM";"Centro de Instrucción de la ARMada";;
"CIDH";"Comision Internacional de Derechos Humanos";;
"CIGEN";;;
"CIM";"Centro de Instrucción de la Marina";;
"CIMA 1";;;
"CIME";"Cuerpo de Ingenieros de Máquinas y Electricidad";;
"CIPE";"Centro de Instrucción de Paracaidistas del Ejército";;
"CIPEURA";"Circulo de PEriodistas URuguayos Antifascistas";;
"CIPREU";"Comisión Internacional Pro-Retorno del Exilio Uruguayo";;
"CIRC.MARIT.ESTE";;;
"CJA";"Comandante en Jefe de la Armada";;
"CJE";"Comandante en Jefe del Ejército";;
"CLUNA";"CLUb NAval";;
"CLUNA";"Club Naval";"Instituciones Sociales";
"CLUSO";"Club de Sub Oficiales navales";;
"CNDH";"Comision Nacional de Derechos Humanos";;
"CNT";"Convención Nacional de Trabajadores";;
"COA";"Centro de Operaciones de la Armada";;
"COBA";"COmité del Boicot Argentina (1978)";;
"COCAL";"Comisión Calificadora de la Armada.";;"ARMADA NACIONAL-PREFECTURA NACIONAL NAVAL-PLAN DE COMUNICACIONES-PRENA Nº 1/03-2003"
"CODENA";"COnsejo de DEfensa NAcional";;
"COECO";"Control de Derrames de Contaminantes.";;"ARMADA NACIONAL-PREFECTURA NACIONAL NAVAL-PLAN DE COMUNICACIONES-PRENA Nº 1/03-2003"
"COLCO";"COmando Local de Control Operativo";;
"Com . Invest. Parlam. Sobre Violación a los DD/HH (1985)";;;
"COM INVEST PARLAM";"COMisión INVESTigadora PARLAMentaria";;
"COM. PARLAM. INCAT. De VIOLAR A DDHA(1985)";;;
"Com. PARLAM. Invest. Sobre  DDHA(1985)";;;
"COM.CALIF.";;;
"COMAN";"COMando de la Aviación Naval";;
"COMAPA";"COMisión Ayuda al Personal de la Armada";;
"COMAR";"COMando general de la ARmada";;
"COMES";"Comandante en Escena SAR.";;"ARMADA NACIONAL-PREFECTURA NACIONAL NAVAL-PLAN DE COMUNICACIONES-PRENA Nº 1/03-2003"
"COMFLO";"COmando Mayor de la FLOta";;
"COMFLO";"Comandante de la Flota.";;"ARMADA NACIONAL-PREFECTURA NACIONAL NAVAL-PLAN DE COMUNICACIONES-PRENA Nº 1/03-2003"
"COMIN";"Comando de Infanteria de Marina";"A partir de agosto 2018 FUSNA + UNAPO (UNAP?)";
"COMINT";"INTeligencia de COMunicaciones";"Denominación Internacional";
"CONAE";"Consejo Nacional de Educación";;
"CONBE";"Jefe del Control Puerto Bella Unión - Prefectura";;"ARMADA NACIONAL-PREFECTURA NACIONAL NAVAL-PLAN DE COMUNICACIONES-PRENA Nº 1/03-2003"
"CONBU";"Control Puerto Buceo - Prefectura";;"ARMADA NACIONAL-PREFECTURA NACIONAL NAVAL-PLAN DE COMUNICACIONES-PRENA Nº 1/03-2004"
"CONCA";"Control Puerto Carmelo - Prefectura";;"ARMADA NACIONAL-PREFECTURA NACIONAL NAVAL-PLAN DE COMUNICACIONES-PRENA Nº 1/03-2005"
"CONCO";"Control Puerto Colonia - Prefectura";;"ARMADA NACIONAL-PREFECTURA NACIONAL NAVAL-PLAN DE COMUNICACIONES-PRENA Nº 1/03-2006"
"CONDOROP";"Cóndor Operativo";;
"CONFA";"CONfluencia FrenteAmplista";;
"CONEN";"Control Puerto Belén - Prefectura";;"ARMADA NACIONAL-PREFECTURA NACIONAL NAVAL-PLAN DE COMUNICACIONES-PRENA Nº 1/03-2006"
"CONFI    ";"Control Puerto Fray Bentos - Prefectura";;"ARMADA NACIONAL-PREFECTURA NACIONAL NAVAL-PLAN DE COMUNICACIONES-PRENA Nº 1/03-2006"
"CONIN";"COmunidad Naval de INteligencia";;
"CONLA";"Control Puerto La Paloma - Prefectura";;"ARMADA NACIONAL-PREFECTURA NACIONAL NAVAL-PLAN DE COMUNICACIONES-PRENA Nº 1/03-2006"
"CONMO";"Control del Puerto de Montevideo";;"DND_(CD 3er Informe)_ ARMADA NACIONAL COMANDO GENERAL DE LA ARMADA QUINTA DIVISION DEL ESTADO MAYOR GENRAL Guía Telefónica edición 2006"
"CONMO";"Control Puerto Montevideo - Prefectura";;"ARMADA NACIONAL-PREFECTURA NACIONAL NAVAL-PLAN DE COMUNICACIONES-PRENA Nº 1/03-2006"
"CONNU";"Control Puerto Nueva Palmira - Prefectura";;"ARMADA NACIONAL-PREFECTURA NACIONAL NAVAL-PLAN DE COMUNICACIONES-PRENA Nº 1/03-2007"
"CONPA";"Control Puerto Paysandú - Prefectura";;"ARMADA NACIONAL-PREFECTURA NACIONAL NAVAL-PLAN DE COMUNICACIONES-PRENA Nº 1/03-2008"
"CONPE";"Control Puerto Punta del Este – Prefectura";;"ARMADA NACIONAL-PREFECTURA NACIONAL NAVAL-PLAN DE COMUNICACIONES-PRENA Nº 1/03-2009"
"CONPI";"Control Puerto Piriápolis – Prefectura";;"ARMADA NACIONAL-PREFECTURA NACIONAL NAVAL-PLAN DE COMUNICACIONES-PRENA Nº 1/03-2010"
"CONRE";"Comandante del Control Regional SAR en el mar.";;"ARMADA NACIONAL-PREFECTURA NACIONAL NAVAL-PLAN DE COMUNICACIONES-PRENA Nº 1/03-2011"
"CONSA";"Control Puerto Salto - Prefectura";;"ARMADA NACIONAL-PREFECTURA NACIONAL NAVAL-PLAN DE COMUNICACIONES-PRENA Nº 1/03-2012"
"CONVA";"Control Puerto Santiago Vázquez - Prefectura";;"ARMADA NACIONAL-PREFECTURA NACIONAL NAVAL-PLAN DE COMUNICACIONES-PRENA Nº 1/03-2013"
"COVINE";"COoperativa de Vivienda Nueva Esperanza";;
"CORCO";;;"C/S® Nro 15/982dossier Nro 6877 Operación Lagarto año 82"
"CORIN";"COoRdinador INformático";;
"CORIN";"Coordinador de Informática de la Prefectura Nacional Naval.";;"ARMADA NACIONAL-PREFECTURA NACIONAL NAVAL-PLAN DE COMUNICACIONES-PRENA Nº 1/03-2006"
"COSENA";"COnsejo de SEguridad NAcional";;
"COT";"Centro de Operaciones Tácticas (Argentina)";;
"COT";"Congreso Obrero Textil";;"Dossier 12230"
"COTEC";"COmisión TÉCnica de la DIRME";;
"COTEC";"Comisión Técnica del Departamento Registral y de Marina Mercante";;"ARMADA NACIONAL-PREFECTURA NACIONAL NAVAL-PLAN DE COMUNICACIONES-PRENA Nº 1/03-2006"
"COVINE 6";"Cooperativa de Vivienda … 6";;
"CP";"Cuerpo de Prefectura";;
"CPFU";"Cabo de 1ra Fusileros";;
"CPM";"[Codigo de Proceso Militar]";;"FAN BERVEJILLO BESIO Hugo Alberto"
"CRAF";;"Origen de la información 19/04/1975; Integrante del CRAF del Círculo N°  44.  - Esposo de Graciela LOPATER (NG = MONICA)";
"CRAF";"Comité de Resistencia AntiFascista";;
"CRD";"Centro de Reunión de Detenidos (Argentina)";;
"CRDI";;;
"CS(ESP)";"Cabo de 2da ESPecialista";;
"CSFU";"Cabo de 2da Fusileros";;
"CSP";;;
"CSS";;;
"CT";"Contra Terrorista";;
"CTU";"Central de Trabajadores del Uruguay";;
"CUGAR";"CUartel General de la ARmada";;
"CUGAR";"Cuartel General del Comando General de la Armada";;"DND_(CD 3er Informe)_ ARMADA NACIONAL COMANDO GENERAL DE LA ARMADA QUINTA DIVISION DEL ESTADO MAYOR GENRAL Guía Telefónica edición 2006"
"D o";"Documento oficial";"Agregar ruta CNNCasoRocha-040fso1a-1038";
"D. Nal de I. e I.";"Dirección Nacional de Información e Inteligencia";;
"DATA";"Departamento de Asesoría Técnica de la Armada";;
"DATA";"Jefe del Departamento de Asesoramiento Técnico de la Armada.";;"ARMADA NACIONAL-PREFECTURA NACIONAL NAVAL-PLAN DE COMUNICACIONES-PRENA Nº 1/03-2006"
"DE-1";;;
"DE-2";;;
"DE-IV";"División Ejército Nro 4";;
"DEBOT     ";" Encargado del Destacamento Rincón del Bonete";;"ARMADA NACIONAL-PREFECTURA NACIONAL NAVAL-PLAN DE COMUNICACIONES-PRENA Nº 1/03-2006"
"DECAD";;;
"DECOM";"Departamento de Comunicaciones de Prefectura Nacional Naval.";;"ARMADA NACIONAL-PREFECTURA NACIONAL NAVAL-PLAN DE COMUNICACIONES-PRENA Nº 1/03-2006"
"DECON";"Departamento de Contraloría Naval";;
"DELEA";"DEpartamento de LEgislación y Acuerdos internacionales";;
"DEPOL";"Destacamento San Gregorio de Polanco";;"ARMADA NACIONAL-PREFECTURA NACIONAL NAVAL-PLAN DE COMUNICACIONES-PRENA Nº 1/03-2006"
"DGID";"Dirección General de Información de Defensa";;
"DGS";;"Lista de destinatarios";"Dossier 3510 - IMPERINT"
"DGS ó DIGESE";"Dirección General de Secretaría";;
"DI.CI.NA";;;
"DICER";"Dique Cerro.";;"ARMADA NACIONAL-PREFECTURA NACIONAL NAVAL-PLAN DE COMUNICACIONES-PRENA Nº 1/03-2006"
"DIDEN";"DIvisión de DEportes Náuticos";;
"DIGFA";"DIrección General de FinanzAs";;
"DII";"Dirección de Información e Inteligencia";;
"DILAN";"División de Lanchas de Mar de Prefectura Nacional Naval.";;"ARMADA NACIONAL-PREFECTURA NACIONAL NAVAL-PLAN DE COMUNICACIONES-PRENA Nº 1/03-2006"
"DILOG";"División Logística del Estado Mayor de Prefectura Nacional Naval";;"ARMADA NACIONAL-PREFECTURA NACIONAL NAVAL-PLAN DE COMUNICACIONES-PRENA Nº 1/03-2006"
"DIMAR";"DIrección de tráfico MARítimo";;
"DIMAR";"Director de Tráfico Marítimo.";;"ARMADA NACIONAL-PREFECTURA NACIONAL NAVAL-PLAN DE COMUNICACIONES-PRENA Nº 1/03-2006"
"DIMAT";"DIrección general de MATerial naval";;
"DIMAU";"Dique Mauá.";;"ARMADA NACIONAL-PREFECTURA NACIONAL NAVAL-PLAN DE COMUNICACIONES-PRENA Nº 1/03-2006"
"DIMYC";"Comandante de la División Minado y Contraminado.";;"ARMADA NACIONAL-PREFECTURA NACIONAL NAVAL-PLAN DE COMUNICACIONES-PRENA Nº 1/03-2006"
"DINACIE";"DIrección NACional Inteligencia de Estado";;
"DINCO";"Director Nacional del Sistema de Control de Derrames Contaminantes.";;"ARMADA NACIONAL-PREFECTURA NACIONAL NAVAL-PLAN DE COMUNICACIONES-PRENA Nº 1/03-2006"
"DIPER";"Dirección general de Personal Naval";;
"DIPRE";"Dirección de Inteligenciade PREfectura naval";;"Actualmente DIVIN"
"DIR I AYPRE REPRE DIVIN";;;
"DIRAD";;;"C/S® Nro 15/982dossier Nro 6877 Operación Lagarto año 82"
"DIRCI";"DIRección de CIrcuncripciones PNN";;"ARCHIVO PNN/CASOS JUDICIALIZADOS/Caso San Juan 1976/Documentos Papel/JPG/CNNCaso SJuan-001fs01a-1178.JPG"
"DIREF";"Direccción de Educación Física Naval";;"ARMADA NACIONAL-PREFECTURA NACIONAL NAVAL-PLAN DE COMUNICACIONES-PRENA Nº 1/03-2006"
"DIRMA";"Dirección de Protección del Medio Ambiente de la Prefectura Nacional Naval.";;"ARMADA NACIONAL-PREFECTURA NACIONAL NAVAL-PLAN DE COMUNICACIONES-PRENA Nº 1/03-2006"
"DIRME";"DIrección Registral y de marina MErcante";;
"DISEA";"Director de Seguridad Aeronaval.";;"ARMADA NACIONAL-PREFECTURA NACIONAL NAVAL-PLAN DE COMUNICACIONES-PRENA Nº 1/03-2006"
"DISEPRE";"DIrección de SEguridad de PREfectura";;
"DIST";;;
"DITRA";"División Trámite Documentario.";;"ARMADA NACIONAL-PREFECTURA NACIONAL NAVAL-PLAN DE COMUNICACIONES-PRENA Nº 1/03-2006"
"DIVES";"Comandanddo de la División Escolta.";;"ARMADA NACIONAL-PREFECTURA NACIONAL NAVAL-PLAN DE COMUNICACIONES-PRENA Nº 1/03-2006"
"DIVIN";"DIVisión INteligencia e investigación de la prefectura nacional naval/ División Informaciones";;
"DIVLO";;;"C/S® Nro 15/982dossier Nro 6877 Operación Lagarto año 82"
"DIVMA";"División Matrículas de la Dirección Registral y de Marina Mercante.";;"ARMADA NACIONAL-PREFECTURA NACIONAL NAVAL-PLAN DE COMUNICACIONES-PRENA Nº 1/03-2006"
"DIVMI";"División Microfilmación.";;"ARMADA NACIONAL-PREFECTURA NACIONAL NAVAL-PLAN DE COMUNICACIONES-PRENA Nº 1/03-2007"
"DIVOP";"División Operaciones del Estado Mayor de Prefectura Nacional Naval";;"ARMADA NACIONAL-PREFECTURA NACIONAL NAVAL-PLAN DE COMUNICACIONES-PRENA Nº 1/03-2008"
"DIVPA";"División Patrulla.";;"ARMADA NACIONAL-PREFECTURA NACIONAL NAVAL-PLAN DE COMUNICACIONES-PRENA Nº 1/03-2009"
"DIVPE";"División Personal del Estado Mayor de Prefectura Nacional Naval";;"ARMADA NACIONAL-PREFECTURA NACIONAL NAVAL-PLAN DE COMUNICACIONES-PRENA Nº 1/03-2010"
"DIVRE";"División de Registro de Personal de Marina Mercante.";;"ARMADA NACIONAL-PREFECTURA NACIONAL NAVAL-PLAN DE COMUNICACIONES-PRENA Nº 1/03-2011"
"DIVSA";"División Sanidad de Prefectura Nacional Naval.";;"ARMADA NACIONAL-PREFECTURA NACIONAL NAVAL-PLAN DE COMUNICACIONES-PRENA Nº 1/03-2012"
"DIVSE";"División Servicios.";;"ARMADA NACIONAL-PREFECTURA NACIONAL NAVAL-PLAN DE COMUNICACIONES-PRENA Nº 1/03-2013"
"DNII";"Dirección Nacional de Información e Inteligencia";;
"DNPT";"Dirección Nacional de Policía Técnica";;
"DNSFFAA";"Dirección Nacional de Sanidad de las Fuerzas Armadas.";;"ARMADA NACIONAL-PREFECTURA NACIONAL NAVAL-PLAN DE COMUNICACIONES-PRENA Nº 1/03-2013"
"DOI";"Destacamento de Operaciones e Información (Brasil)";;
"E II";"Inteligencia del Ejercito";;
"EAF";"Equipo de Apoyo de Fuego";;
"ECEME";"Eela de Comando Estado Mayor del Ejército";;
"ECO";"Enlace Comunicación Operativa";;
"EDO";"Ejército Demócrata Oriental";;
"EDPRE";"Edecán Naval del Presidente de la República.";;"ARMADA NACIONAL-PREFECTURA NACIONAL NAVAL-PLAN DE COMUNICACIONES-PRENA Nº 1/03-2006"
"EE/AA";"Estaciones de Área";;"ARMADA NACIONAL-PREFECTURA NACIONAL NAVAL-PLAN DE COMUNICACIONES-PRENA Nº 1/03-2007"
"EE/DD";"Estaciones Dependientes";;"ARMADA NACIONAL-PREFECTURA NACIONAL NAVAL-PLAN DE COMUNICACIONES-PRENA Nº 1/03-2008"
"EE/EE";"Estaciones de Enlace";;"ARMADA NACIONAL-PREFECTURA NACIONAL NAVAL-PLAN DE COMUNICACIONES-PRENA Nº 1/03-2009"
"EE/PP";"Estaciones Primarias";;"ARMADA NACIONAL-PREFECTURA NACIONAL NAVAL-PLAN DE COMUNICACIONES-PRENA Nº 1/03-2010"
"EE/SS";"Estaciones secundarias";;"ARMADA NACIONAL-PREFECTURA NACIONAL NAVAL-PLAN DE COMUNICACIONES-PRENA Nº 1/03-2011"
"EEI";"Elementos Esenciales de Información";;
"EEM";"Eela del Estado Mayor (IMES)";;
"EF ó E/F";"Económico Financiero";;
"EFCSA";"Establecimiento Frigorífico del Cerro Sociedad Anónima";;
"EIE";"Eela de Inteligencia del Ejército";;
"EIR";"Executiv Inteligence Revew";;
"ELECTROPINT";"INTeligencia ELECTro- Optica";"Denominación Internacional";
"ELINT";"INTeligencia Electrónica";"Denominación Internacional";
"ELN BO";"Ejército de Liberación Nacional BOliviano";;
"EMA";"Escuela Militar de Aeronáutica";;
"EMCOM";"Estado Mayor COMunicaciones";;
"EMCOM";"División Comunicaciones del Estado Mayor General de la Armada (N-5)";;"ARMADA NACIONAL-PREFECTURA NACIONAL NAVAL-PLAN DE COMUNICACIONES-PRENA Nº 1/03-2006"
"EMCOM (N-5)";"Quinta División del Estado Mayor General";;"DND_(CD 3er Informe)_ ARMADA NACIONAL COMANDO GENERAL DE LA ARMADA QUINTA DIVISION DEL ESTADO MAYOR GENRAL Guía Telefónica edición 2006"
"EMDIN";"Jefe de la División Informática Naval del Estado Mayor General de la Armada (N-6)";;"ARMADA NACIONAL-PREFECTURA NACIONAL NAVAL-PLAN DE COMUNICACIONES-PRENA Nº 1/03-2006"
"EMDIN (N-6)";"Sexta División del Estado Mayor General";"Estado Mayor de Informática Naval";"DND_(CD 3er Informe)_ ARMADA NACIONAL COMANDO GENERAL DE LA ARMADA QUINTA DIVISION DEL ESTADO MAYOR GENRAL Guía Telefónica edición 2006"
"EME";"Estado Mayor del Ejercito";;
"EMFLO";"Estado Mayor de la Flota";;"DND_(CD 3er Informe)_ ARMADA NACIONAL COMANDO GENERAL DE LA ARMADA QUINTA DIVISION DEL ESTADO MAYOR GENRAL Guía Telefónica edición 2006"
"EMFTAC";"Estado Mayor de las Fuerzas TACticas";;
"EMFUEMA";"Jefe del Estado Mayor de las Fuerzas de Mar.";;"ARMADA NACIONAL-PREFECTURA NACIONAL NAVAL-PLAN DE COMUNICACIONES-PRENA Nº 1/03-2006"
"EMFUSNA";"Estado Mayor FUSNA";;
"EMGA";"EStado MAYor general de la armada";;
"EMGE";"Estado Mayor General del Ejército";;
"EMGralFA";"Estado Mayor General de la Fuerza Aérea";;
"EMINT";"Estado Mayor de INTeligencia";"EMINT N2";
"EMINT";"División Inteligencia del Estado Mayor General de la Armada (N-2).";;"ARMADA NACIONAL-PREFECTURA NACIONAL NAVAL-PLAN DE COMUNICACIONES-PRENA Nº 1/03-2006"
"EMINT (N-2)";"Segunda División del Estado Mayor General";"[Estado Mayor de Inteligencia Naval]";"DND_(CD 3er Informe)_ ARMADA NACIONAL COMANDO GENERAL DE LA ARMADA QUINTA DIVISION DEL ESTADO MAYOR GENRAL Guía Telefónica edición 2006"
"EMLOG";"División Logística del Estado Mayor General de la Armada (N-4).";;"ARMADA NACIONAL-PREFECTURA NACIONAL NAVAL-PLAN DE COMUNICACIONES-PRENA Nº 1/03-2006"
"EMLOG (N-4)";"Cuarta División del Estado Mayor General";"[Estado Mayor de Logística Naval]";"DND_(CD 3er Informe)_ ARMADA NACIONAL COMANDO GENERAL DE LA ARMADA QUINTA DIVISION DEL ESTADO MAYOR GENRAL Guía Telefónica edición 2006"
"EMMAT";"Estado Mayor de Material Naval";;"DND_(CD 3er Informe)_ ARMADA NACIONAL COMANDO GENERAL DE LA ARMADA QUINTA DIVISION DEL ESTADO MAYOR GENRAL Guía Telefónica edición 2006"
"EMMAT";"Estado Mayor de la Dirección General de Material Naval.";;"ARMADA NACIONAL-PREFECTURA NACIONAL NAVAL-PLAN DE COMUNICACIONES-PRENA Nº 1/03-2006"
"EMN N-1";;;
"EMN N-2";;;
"EMN N-3";;;
"EMN N-4";;;
"EMN N-5";;;
"EMNR 1";"Establecimiento Militar de Reclusión Nro 1 (hombres)";"Penal de Libertad";
"EMNR 1";"Establecimiento Militar de Reclusión Nro 1 (mujeres)";"Penal de Paso de los Toros";
"EMNR 2";"Establecimiento Militar de Reclusión Nro 3 (mujeres)";"Penal de Punta de Rieles";
"EMOPE";;;
"EMP";"Estado Mayor Personal";;
"EMPER";"Estado Mayor de PERsonal";;
"EMPER";"División Personal del Estado Mayor General de la Armada (N-1).";;"ARMADA NACIONAL-PREFECTURA NACIONAL NAVAL-PLAN DE COMUNICACIONES-PRENA Nº 1/03-2006"
"EMPER (N-1)";"Primera División del Estado Mayor General";"[Estado Mayor de Personal Naval]";"DND_(CD 3er Informe)_ ARMADA NACIONAL COMANDO GENERAL DE LA ARMADA QUINTA DIVISION DEL ESTADO MAYOR GENRAL Guía Telefónica edición 2006"
"EMPLA";"Estado Mayor de política y PLAnes";"EMPLA N3";
"EMPLA";"División Planes del Estado Mayor General de la Armada  (N-3)";;"ARMADA NACIONAL-PREFECTURA NACIONAL NAVAL-PLAN DE COMUNICACIONES-PRENA Nº 1/03-2006"
"EMPLA (N-3)";"Tercera División del Estado Mayor General";"[Estado Mayor de Planes y Operaciones Navales]";"DND_(CD 3er Informe)_ ARMADA NACIONAL COMANDO GENERAL DE LA ARMADA QUINTA DIVISION DEL ESTADO MAYOR GENRAL Guía Telefónica edición 2006"
"EMPRE";"Estado Mayor de la PREfectura nacional naval";;
"EMR";"Establecimiento Militar de Reclusion";;
"ENFD";;"[VIOLACIÓN DE LIBERTAD VIGILADA o NO PRESENTARSE A LISTA]";"LMN 14, 1981 CAJA 8"
"ENFE";;"[REGULARIZAR LA SITUACIÓN ENFD]";"LMN 14, 1981 CAJA 8"
"ENLOG";"Estado Mayor LOGística";"ENLOG N4";
"ERP";"Ejercito Revolucionario del Pueblo";;
"ESANA";"Eela de Aviación Naval ""C/C MAYO VILLAGRAN""";;"ARMADA NACIONAL-PREFECTURA NACIONAL NAVAL-PLAN DE COMUNICACIONES-PRENA Nº 1/03-2006"
"ESCAN";"Grupo de Eadrones.";;"ARMADA NACIONAL-PREFECTURA NACIONAL NAVAL-PLAN DE COMUNICACIONES-PRENA Nº 1/03-2006"
"ESEDENA";"Eela de Seguridad y Defensa Nacional";;
"ESESP";"Eela de ESPecialidades de la armada";;
"ESFUS";"Eela de Fusileros Navales";;
"ESGUE";"Eela de GUErra naval";;
"ESINT";"INTELIGENCIA DE SEÑALES FORÁNEAS";"Denominación Internacional";
"ESMACO";"Estado Mayor Conjunto";;"ARMADA NACIONAL-PREFECTURA NACIONAL NAVAL-PLAN DE COMUNICACIONES-PRENA Nº 1/03-2006"
"ESMADE";"Estado MAyor de la DEfensa";;
"ESMAN";"Estado Mayor del Comando de la Aviación Naval.";;"ARMADA NACIONAL-PREFECTURA NACIONAL NAVAL-PLAN DE COMUNICACIONES-PRENA Nº 1/03-2006"
"ESMAR";"Escribanía de Marina de Prefectura Nacional Naval.";;"ARMADA NACIONAL-PREFECTURA NACIONAL NAVAL-PLAN DE COMUNICACIONES-PRENA Nº 1/03-2006"
"ESMAY";"EStado MAYor general de la armada";;
"ESMAY";"Jefe del Estado Mayor General de la Armada.";;"ARMADA NACIONAL-PREFECTURA NACIONAL NAVAL-PLAN DE COMUNICACIONES-PRENA Nº 1/03-2006"
"ESNAL";"Eela Naval.";;"ARMADA NACIONAL-PREFECTURA NACIONAL NAVAL-PLAN DE COMUNICACIONES-PRENA Nº 1/03-2006"
"ESPAN";;;
"ESPRE";;;"C/S® Nro 15/982dossier Nro 6877 Operación Lagarto año 82"
"ETA";"Eela Técnica de Aeronautica";;
"ETA";"Euskadi Ta Askatasuna";;
"FA";"Frente Amplio";;"Dossier 2215"
"FAPOL";"Faro de Cabo Polonio.";;"ARMADA NACIONAL-PREFECTURA NACIONAL NAVAL-PLAN DE COMUNICACIONES-PRENA Nº 1/03-2006"
"FAR";"Frente Armado Revolucionario";;
"FARBA";"Faro de Punta Brava.";;"ARMADA NACIONAL-PREFECTURA NACIONAL NAVAL-PLAN DE COMUNICACIONES-PRENA Nº 1/03-2006"
"FARCE";"Faro del Cerro de Montevideo.";;"ARMADA NACIONAL-PREFECTURA NACIONAL NAVAL-PLAN DE COMUNICACIONES-PRENA Nº 1/03-2007"
"FARCO";"Faro de Colonia.";;"ARMADA NACIONAL-PREFECTURA NACIONAL NAVAL-PLAN DE COMUNICACIONES-PRENA Nº 1/03-2008"
"FARJI";"Faro de José Ignacio.";;"ARMADA NACIONAL-PREFECTURA NACIONAL NAVAL-PLAN DE COMUNICACIONES-PRENA Nº 1/03-2009"
"FARLO";"Faro de Isla de Lobos.";;"ARMADA NACIONAL-PREFECTURA NACIONAL NAVAL-PLAN DE COMUNICACIONES-PRENA Nº 1/03-2010"
"FARMA";"Faro de Santa María.";;"ARMADA NACIONAL-PREFECTURA NACIONAL NAVAL-PLAN DE COMUNICACIONES-PRENA Nº 1/03-2011"
"FARO";"Fuerzas Armadas Revolucionarias Orientales";;
"FAU";"Fuerza Aérea Uruguaya";;
"FAU";"Federación Anarqista del Uruguay";;
"FARPE";"Faro de Punta del Este.";;"ARMADA NACIONAL-PREFECTURA NACIONAL NAVAL-PLAN DE COMUNICACIONES-PRENA Nº 1/03-2006"
"FECOVI";"FEderacion de COoperativas de VIvienda";;
"FENACOVI";"FEderacion NAcional de COoperativas de VIvienda";;
"FER ó FER 68";"Frente de Estudiantes Revolucionario ó Frente Estudiantil Revolucionario";;
"FFAA";"Fuerzas Armadas";;
"FFCC";"Fuerzas Conjuntas";;
"FI";"Fuentes de Información";;
"FIDEL";"Frente Izquierdo de Liberación";;"Dossier 2214"
"FMJD";"Federación Mundial de las Juventudes Democráticas";;
"FPPU";"Familiares de Presos Politicos Uruguay";;
"FRIA";"Fuerzas Revolucionarias Internacionales";;
"FRT";"Frente Revolucionario de los Trabajadores";;
"FSM";"Fuerza de Seguridad Marítima";;
"FT";"FracoTirador";;
"FT N° 2290 ESMAY";;;
"FUCVAM";"Federación Uruguaya de Cooperativas de Vivienda por Ayuda Mutua";;
"FUEMA";"FUErzas del MAr";;
"FSLN";"Frente Sandinista de Liberacion Nacional";;
"FUSEM";;;"C/S® Nro 15/982dossier Nro 6877 Operación Lagarto año 82"
"FUSEN";"Fuerza de Seguridad";"Actualmente UNAP";
"FUSNA";"FUSileros NAvales";;
"FUSNA";"Comandante del Cuerpo de Fusileros Navales.";;"ARMADA NACIONAL-PREFECTURA NACIONAL NAVAL-PLAN DE COMUNICACIONES-PRENA Nº 1/03-2006"
"G/D";"Granadero-Demoledor";;
"GABAR      ";"Jefe de Gabinete del Sr. Comandante en Jefe de la Armada";;"ARMADA NACIONAL-PREFECTURA NACIONAL NAVAL-PLAN DE COMUNICACIONES-PRENA Nº 1/03-2006"
"GAF";"Grupo de Apoyo en Formación";;
"GERC 10";;;
"GRISUR";"GRupo de Información y Solidaridad con el URuguay";;"BD Dossier N° 13034"
"GRP";"Grupo";;
"GRUBU";"GRUpo de BUseo y salvamento de la armada";;
"GRUYO";"GRUpo de apoYO de la Armada";;
"GS-20";;;
"GS-24";;;
"HUMINT";"Inteligencia Humana";"Denominación Internacional";
"IAC";;"INFORME DE INVESTIGACIÓN N.º 01/3174 (punto 3 ALCANCE)";
"IAP";;"INFORME DE INVESTIGACIÓN N.º 01/3174 (punto 3 ALCANCE)";
"IAU";"Presidente del Instituto Antártico Uruguayo.";;"ARMADA NACIONAL-PREFECTURA NACIONAL NAVAL-PLAN DE COMUNICACIONES-PRENA Nº 1/03-2006"
"ICUCH";"Instituto Cultural Uruguay China";;
"IDI";"Izquierda Democratica Independiente";;
"IET";"Informe sobre el Estado de la Técnica";;
"IFI";"Izquierda Frenteamplista Independiente";;
"IGE";;;
"IGM";;;
"IHAP";;"INFORME DE INVESTIGACIÓN N.º 01/3174 (punto 3 ALCANCE)";
"IMES";"Instituto Militar de Estudios Superiores";;
"IMINT";"INTeligencia IMaginaria";"Denominación Internacional";
"IMINT";"Información de Imágenes";;
"IMPERINT";;;
"IMPRIN (INPERIN)";"INforme PERiódico de INformación";;
"INDIA";;;
"INF CONF";"INForme CONFidencial";;
"ININT";;;
"INIT";"INforme de InTeligencia";;
"INMAR";"INfantería de la ARMada";;
"Insp Gral";"Inspector General";"PNN/CASOS JUDICIALIZADOS/Caso Sin Nro-2 1976-1978/Carpeta Div Intel Dpto Tec Nro68A/CNNCasoSn2-013fs01r-1334.jpg";
"INSP.ESC. Y CURSOS";;;
"IRI";"Izquierda Revolucionaria Independiente";;
"IRINT";"INTELIGENCIA INFRAROJA";"Denominación Internacional";
"ISI";"Informe Semanal de Inteligencia";;
"JACEN";"Jefe del Área Naval Centro.";;"ARMADA NACIONAL-PREFECTURA NACIONAL NAVAL-PLAN DE COMUNICACIONES-PRENA Nº 1/03-2006"
"JANCAR";"Jefe del Área Naval Comando General de la Armada.";;"ARMADA NACIONAL-PREFECTURA NACIONAL NAVAL-PLAN DE COMUNICACIONES-PRENA Nº 1/03-2007"
"JAPAL   ";"Jefe del Área Naval La Paloma.";;"ARMADA NACIONAL-PREFECTURA NACIONAL NAVAL-PLAN DE COMUNICACIONES-PRENA Nº 1/03-2008"
"JARCE";"Jefe del Área Naval Cerro.";;"ARMADA NACIONAL-PREFECTURA NACIONAL NAVAL-PLAN DE COMUNICACIONES-PRENA Nº 1/03-2009"
"JARGU";"Jefe del Área Naval Guruyú.";;"ARMADA NACIONAL-PREFECTURA NACIONAL NAVAL-PLAN DE COMUNICACIONES-PRENA Nº 1/03-2010"
"JARLA";"Jefe del Área Naval Laguna del Sauce.";;"ARMADA NACIONAL-PREFECTURA NACIONAL NAVAL-PLAN DE COMUNICACIONES-PRENA Nº 1/03-2011"
"JARMI";"Jefe del Área Naval Miramar";;"ARMADA NACIONAL-PREFECTURA NACIONAL NAVAL-PLAN DE COMUNICACIONES-PRENA Nº 1/03-2012"
"JARPU";"Jefe del Área Naval Puerto.";;"ARMADA NACIONAL-PREFECTURA NACIONAL NAVAL-PLAN DE COMUNICACIONES-PRENA Nº 1/03-2013"
"JCJ";"Junta de Comandantes en Jefe";;
"JCJ/SID";;;
"JCR";"Junta Coordinadora Revolucionaria";;
"JECAM";"Jefe de la Casa Militar.";;"ARMADA NACIONAL-PREFECTURA NACIONAL NAVAL-PLAN DE COMUNICACIONES-PRENA Nº 1/03-2006"
"JECLI";;;
"JECOA";"JEfatura de la Circunscripción del Océano Atlántico";;
"JECOA";"Jefe del Área Océano Atlántico";;"ARMADA NACIONAL-PREFECTURA NACIONAL NAVAL-PLAN DE COMUNICACIONES-PRENA Nº 1/03-2006"
"JECRI";"JEfatura de la Circunscripción del RÍo de la plata";;
"JECRI";"Jefe del Área Río de la Plata.";;"ARMADA NACIONAL-PREFECTURA NACIONAL NAVAL-PLAN DE COMUNICACIONES-PRENA Nº 1/03-2006"
"JECRO";"JEfatura de la Circonscripción del Río negrO";;
"JECUR";"JEfatura de la Circunscripción del río URuguay";;
"JEDAF";"Jefe del Equipo De Apoyo del Fuego";;
"JEFAN";"Jefe de la Fuerza Aeronaval.";;"ARMADA NACIONAL-PREFECTURA NACIONAL NAVAL-PLAN DE COMUNICACIONES-PRENA Nº 1/03-2006"
"JEFLO";"Jefe de Servicio del Comando de la Flota.";;"ARMADA NACIONAL-PREFECTURA NACIONAL NAVAL-PLAN DE COMUNICACIONES-PRENA Nº 1/03-2006"
"JEMGA";;;
"JEMP";"Jefe del Estado Mayor Personal";;
"JESAR";"Jefe del Centro Coordinador SAR en el Mar.";;"ARMADA NACIONAL-PREFECTURA NACIONAL NAVAL-PLAN DE COMUNICACIONES-PRENA Nº 1/03-2006"
"JESER";"Jefe de Servicio del Comando General de la Armada";;
"JESER";"Jefe de Servicio del Comando General de la Armada.";;"ARMADA NACIONAL-PREFECTURA NACIONAL NAVAL-PLAN DE COMUNICACIONES-PRENA Nº 1/03-2006"
"JESFU";"Jefe de Servicio de FUEMA";;"ARMADA NACIONAL-PREFECTURA NACIONAL NAVAL-PLAN DE COMUNICACIONES-PRENA Nº 1/03-2006"
"JID/OEA";"Junta Interamericana de Defensa / Organización de Estados Americanos";;
"JMI";"Juez Militar de Instrucción";;
"JOOGG";"Junta de Oficiales Generales";;
"JPM";"Justicia Penal Militar- Jefatura de Policía de Maldonado";;
"JUMAE";"JUnta de Metodos y Análisis Estratégicos";;
"JUP";"Juventud Uruguaya de Pie";;
"JUPRE";"Juez Sumariante de Prefectura Nacional Naval.";;"ARMADA NACIONAL-PREFECTURA NACIONAL NAVAL-PLAN DE COMUNICACIONES-PRENA Nº 1/03-2006"
"JUSUMA";"Juez Sumariante de la Armada.";;"ARMADA NACIONAL-PREFECTURA NACIONAL NAVAL-PLAN DE COMUNICACIONES-PRENA Nº 1/03-2006"
"JUZMI";"Juez Militar de Instrucción.";;"ARMADA NACIONAL-PREFECTURA NACIONAL NAVAL-PLAN DE COMUNICACIONES-PRENA Nº 1/03-2006"
"L/C";"LanzaCohetes";;
"LA";"Lineas de Acción";;
"LADES";"Grupo de Lanchas de Desembarco.";;"ARMADA NACIONAL-PREFECTURA NACIONAL NAVAL-PLAN DE COMUNICACIONES-PRENA Nº 1/03-2006"
"LASINT";"INTELIGENCIA LASER";"Denominación Internacional";
"LAW";"Light Antibank Weapon- Arma Antitanque Liviana";;
"LIGMA";"Liga Marítima";"Instituciones Sociales";
"LOA";"Liga Oriental Anticomunista";;
"M/N";"Mensajes Navales";;
"MAGAN";"Mantenimiento Gral. De la Aviación Naval";;"ARMADA NACIONAL-PREFECTURA NACIONAL NAVAL-PLAN DE COMUNICACIONES-PRENA Nº 1/03-2006"
"MARPOL";;;
"MASINT";"medidas y señales";;
"MASINT";"Información de mediciones y firmas";"Denominación Internacional";
"MB";"Medios de Búsqueda";;
"MC";"Movimiento Cooperativo";;
"MCC";"Movimiento Cívico Cristiano";;"Dossier 2216"
"MCO";"Mesa Central de Operaciones";;
"MDN";"Ministerio de Defensa Nacional";;
"MEDINT";"INTELIGENCIA MÉDICA";"Denominación Internacional";
"METMAR";;;
"MIDEN";"Ministerio de Defensa Nacional.";;"ARMADA NACIONAL-PREFECTURA NACIONAL NAVAL-PLAN DE COMUNICACIONES-PRENA Nº 1/03-2006"
"MIEO";"Mesa Inteligencia, Enlace y Operaciones (Dto. III)";;
"MLN-T";"Movimiento de Liberación Nacional-Tupamaros";;
"MINREX";"Ministro de Relaciones Exteriores.";;"ARMADA NACIONAL-PREFECTURA NACIONAL NAVAL-PLAN DE COMUNICACIONES-PRENA Nº 1/03-2006"
"MINTERIOR";"Ministerio del Interior";;
"MIR CH";"Movimiento Izquierda Revolucionario Chileno";;
"MM";"Movimiento Marxista";;
"MP (FUS)";"Marinero de Primera (Fusilero ó Fusna)";;
"MPFU";"Marinero de Primera Fusileros";;"CARPETA CFA 502,"
"MPI";"Metodología de la Producción de Inteligencia";;
"MPP";"Movimiento de Participación Popular";;
"MRCC UY";"Centro Coordinador de Búsqueda y Rescate en el Mar";;"ARMADA NACIONAL-PREFECTURA NACIONAL NAVAL-PLAN DE COMUNICACIONES-PRENA Nº 1/03-2006"
"MRN";"Movimiento de Restauración Nacional";;
"MRO";"Marinero";;
"MRO";"Movimiento Revolucionario Oriental";;
"MRTA";"Movimiento Revolucionario Tupac Amaru";;
"MRREE";"Ministerio de Relaciones Exteriores";;
"MS-31";;;
"MS-32";;;
"MS-33";;;
"MULN";"Movimiento Uruguayo de Liberación Nacional";;
"MUN";"Movimiento Universitario Nacionalista";;
"MUSINT";"INTELIGENCIA NUCLEAR";"Denominación Internacional";
"MUSP";"Movimiento de Unificación Socialista Proletario";;
"MUSP";"Movimiento Unificación Socialista Proletaria";;"ficha BD N.º 520130 ALFARO VAZQUEZ, Daniel Pedro"
"O/D";"Ordenes Desciplinarias";;
"OBCGE";;"Documento numerado femenino";"CARPETA CFA 502,"
"OCIP";;"VINCULADO AL COSENA";
"OCIP- COSENA";"OCIP- COnsejo de SEguridad NAcional";;
"OCMC";"Oficial de Control de Material Clasificado";;
"OCMCS";"Oficial de Control de Material Clasificado Secreto Sustituto";;
"OCMC";"Oficial de Control de Material Clasificado";;
"OCNE";"Oficina de Contrainteligencia Naval del Este";;
"OCOA";"Organismo Coordinador de Operaciones Antisubversivas";;
"OCOAM";"Oficina de Coordinación de Asuntos Marítimos";;
"OCOAM";"Oficina de Coordinación de Operaciones Aéreas Militares";;
"OCOAM";"Oficina de Coordinación de Asuntos Marítimos";;"ARMADA NACIONAL-PREFECTURA NACIONAL NAVAL-PLAN DE COMUNICACIONES-PRENA Nº 1/03-2006"
"OCOP";"Oficina de Control de Objetos Prohibidos OCOA, origen INFAG N.º 52/83";;
"OCOVI";"Oficina de Construcción de Viviendas de Servicios";;
"OCPLA";"Jefe de la Oficina Coordinadora del Proyecto de Relevamiento de las aguas someras y la Plataforma Continental.";;"ARMADA NACIONAL-PREFECTURA NACIONAL NAVAL-PLAN DE COMUNICACIONES-PRENA Nº 1/03-2006"
"OCPO";"Organización Comunista Poder Obrero";;
"OCRIN";;;
"ODC";"Jefe de la Sección Naval de la Oficina de Cooperación de Defensa de EE.UU.";;"ARMADA NACIONAL-PREFECTURA NACIONAL NAVAL-PLAN DE COMUNICACIONES-PRENA Nº 1/03-2006"
"OE";"Oficial Ejecutivo";;
"OEA";"Organización de Estados Americanos";;
"Of Sub Ayte PE";"Oficial Sub Ayudante P...... Especializado";"Diligenciado 4424 escibir ruta";
"OFA";;;
"OFAIN";;;
"OFEAN";;;
"OFEAN";"Oficina de Enlace con los Agregados Navales";;
"OFEAN";"Jefe de la Oficina de Enlace con los Agregados Navales";;"ARMADA NACIONAL-PREFECTURA NACIONAL NAVAL-PLAN DE COMUNICACIONES-PRENA Nº 1/03-2006"
"OFINA";;;
"OFIPI";"Oficina de Pilotaje";;
"OFIPI";;;"ARMADA NACIONAL-PREFECTURA NACIONAL NAVAL-PLAN DE COMUNICACIONES-PRENA Nº 1/03-2006"
"OIT";"Organización Internacional del Trabajo";;
"OMCM";"Oficial de Control de Material Clasificado";;
"OP";"OPerativo";;
"OPESP";;;
"OPFFCC";"Oficina de Prensa de las Fuerzas Conjuntas";;
"OPJA";"Organización Pioneros José Artigas";;
"OPM";"Organización Político Militar";;
"OPM";"Oficina de Policía Militar";;"Dossier 12230"
"OPREN";;;
"OR";"Orden de Reunión";"PAMPIN VESGA, Mario Raul. Operativo realizado en Argentina. Carp. Pers N° 214";
"OR.SERVICIO COMAR";;;
"ORDOP";"ORDen de OPeraciones";;
"ORI";"Otros Requerimientos de Inteligencia";;
"ORT";"Operador de Radioteléfono";;
"OSCAR";"Oficial de Guardia del Comando General de la Armada.";;"ARMADA NACIONAL-PREFECTURA NACIONAL NAVAL-PLAN DE COMUNICACIONES-PRENA Nº 1/03-2006"
"OSA";;;"Ficha PCR 192-6/02/2001;IFRAN ETCHAMENDY Luis Ciriaco"
"OSE";"Obras Sanitarias del Estado";;
"OSINT";"INTELIGENCIA DE FUENTES ABIERTAS";"Denominación Internacional";
"OSM";"Oficina de Seguridad Militar";;
"OTAN";;;
"PA";"Posiciones de Asalto";;
"PAF";"Posición de Ataque por Fuego";;
"PART NOV";"PARTe de NOVedades";;
"PAT";"Partido Agrario del Trabajo";;"Dossier 2211"
"PC";"Partido Comunista";;
"PC";"Puesto de Comando";;
"PCE";"Parque Central del ejército (Infantería 13)";;"QUINTANA PILLIATTI Amelio DND (AGREGAR Nro sobre)"
"PCE";"Parque Central del Ejército (infant 13)";;"ficha FUSNA de CASANOVA FRONDOY Roberto"
"PCR";"Partido Comunista Revolucionario";;
"PCT";"Procedimientos de Conducción de Tropas";;
"PCU";"Partido Comunista del Uruguay";;
"PD";"Punto Decisivo";;
"PDC";"Partido Demócrtata Cristiano";;"Dossier 2207"
"PDHH";;;
"PDS";"Partido por el Departamento del Solis";;"Dossier 2212"
"PEAD";"Primera Eela Argentina de Detectives";;
"PEI ó Par. Esp. Inf";"Parte(ó Pedido) Especial de Información";;
"PF";"Partido Federal";;"Dossier 2205"
"PF-1";;;
"PGM";"Prefectura General Marítima";;
"PHOTINT";"Inteligencia fotografica";"Denominación Internacional";
"PI";"Pedido de Informe";;
"PIT";"Plenario Intersindical de Trabajadores";;
"PJDO";"Partido Juventud por el Desarrollo Oriental";;"Dossier 2213"
"PJP";"Partido de Jubilados y Pensionistas";;"Dossier 2209"
"PL";"Partido Liberal";;"Dossier 2206"
"PMI";"Persona Muy Importante";;
"PMJ";"Partido Movimiento Justiciero";;"Dossier 2210"
"PN";"Partido Nacional";;"Dossier 2202"
"PON";"Procedimientos Operativos Normales";;
"POR";"Partido Obrero Revolucionario";;
"PPI";"Parte Periódico de Información";;
"PPM";"Prefectura Puerto Montevideo";;
"PPO";"Planificación Previa a la Operación";;
"PR-10";;;
"PR-11";;;
"PR-12";;;
"PRB";"Punto de Referencia de Blancos";;
"PRCT";"Pelotón de Réplica ContraTerrorista";;
"PRECA";"PREfectura del puerto de Canelones";;
"PRECO";"Prefecto del Puerto de Colonia";;"ARMADA NACIONAL-PREFECTURA NACIONAL NAVAL-PLAN DE COMUNICACIONES-PRENA Nº 1/03-2006"
"PREDA";;;"C/S® Nro 15/982dossier Nro 6877 Operación Lagarto año 82"
"PREFA";"Prefecto del Puerto de Fray Bentos";;"ARMADA NACIONAL-PREFECTURA NACIONAL NAVAL-PLAN DE COMUNICACIONES-PRENA Nº 1/03-2006"
"PRELA";"PREfectura del puerto de LA paloma";;
"PRELA";"Prefectura del Puerto de La Paloma";;"ARMADA NACIONAL-PREFECTURA NACIONAL NAVAL-PLAN DE COMUNICACIONES-PRENA Nº 1/03-2006"
"PREMA";"PREfectura del puerto de Maldonado";;
"PREME";"PREfectura del puerto de Mercedes";;
"PREMO";"PREfectura del puerto de MOntevideo";;
"PRENA";"PREfectura nacional NAval";;
"PRENU";"PREfectura de NUeva palmira";;
"PRENU";"Prefectura del Puerto de Nueva Palmira";;"ARMADA NACIONAL-PREFECTURA NACIONAL NAVAL-PLAN DE COMUNICACIONES-PRENA Nº 1/03-2006"
"PREPA";"Prefectura del Puerto de Paysandú";;"ARMADA NACIONAL-PREFECTURA NACIONAL NAVAL-PLAN DE COMUNICACIONES-PRENA Nº 1/03-2007"
"PRERE";"Presidente de la República.";;"ARMADA NACIONAL-PREFECTURA NACIONAL NAVAL-PLAN DE COMUNICACIONES-PRENA Nº 1/03-2008"
"PRERI";"PREfectura de RIo branco";;
"PRERI";"Prefectura del Puerto de Río Branco";;"ARMADA NACIONAL-PREFECTURA NACIONAL NAVAL-PLAN DE COMUNICACIONES-PRENA Nº 1/03-2006"
"PRESA";"PREfectura del puerto de S Alto";;
"PRESU";"PREfecturas y SUbprefecturas";;
"PREVI";"PREfectura del puerto de truVIL";;
"Prio";"Prontuario";"PNN/CASOS JUDICIALIZADOS/Caso Sin Nro-2 1976-1978/Carpeta Div Intel Dpto Tec Nro68A/CNNCasoSn2-013fs01r-1334.jpg";
"PRO";"Punto de Reunión en el Objetivo";;
"PROBA";"Proyecto de Desarrollo de la Base Naval del Cerro";;"ARMADA NACIONAL-PREFECTURA NACIONAL NAVAL-PLAN DE COMUNICACIONES-PRENA Nº 1/03-2006"
"PRT";"Partido Revolucionario de los Trabajadores";;
"PS";"Personal Superior";;
"PS";"Partido Socialista";;"Dossier 2203"
"PSR";"Partido Socialista Revolucionario";;
"PST";"Partido Socialista de los Trabajadores";;
"PUMA 3";"Equipo Guardia Metropolitana";;
"PVP";"Partido por la Victoria del Pueblo";;
"R/N";"Reserva Naval";;
"RADINT";"INTeligencia de RADar";"Denominación Internacional";
"RAT";"Recuperación Artefactos Terroristas (SMA)";;
"RECUR";"Dirección de Recursos Humanos de la Armada";;
"REIN";"Resumen Especial de Información";;"DOA  20894"
"REINA";"Red de Informática de la Armada";;"ARMADA NACIONAL-PREFECTURA NACIONAL NAVAL-PLAN DE COMUNICACIONES-PRENA Nº 1/03-2006"
"REPAR";"Dpto. De Relaciones Públicas de la Armada.";;"ARMADA NACIONAL-PREFECTURA NACIONAL NAVAL-PLAN DE COMUNICACIONES-PRENA Nº 1/03-2006"
"REQ";"REQuerido";;
"RES INF ó RESINF; REIN";"RESumen de INFormación";;
"RESNA";"REServa NAval";;
"RESUR";"Regional Sur de Búsqueda y Rescate en el Mar";;"ARMADA NACIONAL-PREFECTURA NACIONAL NAVAL-PLAN DE COMUNICACIONES-PRENA Nº 1/03-2006"
"RINT";"INTELIGENCIA DE RADIACIONES NO INTENCIONALES";"Denominación Internacional";
"RN";"Reserva Naval";;
"ROU01";"Comandante del ROU ""URUGUAY""";;"ARMADA NACIONAL-PREFECTURA NACIONAL NAVAL-PLAN DE COMUNICACIONES-PRENA Nº 1/03-2006"
"ROU02";"Comandante del ROU ""GENERAL ARTIGAS""";;"ARMADA NACIONAL-PREFECTURA NACIONAL NAVAL-PLAN DE COMUNICACIONES-PRENA Nº 1/03-2006"
"ROU03";"Comandante del ROU ""MONTEVIDEO""";;"ARMADA NACIONAL-PREFECTURA NACIONAL NAVAL-PLAN DE COMUNICACIONES-PRENA Nº 1/03-2006"
"ROU05";"Comandante del ROU ""15 de NOVIEMBRE""";;"ARMADA NACIONAL-PREFECTURA NACIONAL NAVAL-PLAN DE COMUNICACIONES-PRENA Nº 1/03-2006"
"ROU06";"Comandante del ROU ""25 de AGOSTO""";;"ARMADA NACIONAL-PREFECTURA NACIONAL NAVAL-PLAN DE COMUNICACIONES-PRENA Nº 1/03-2006"
"ROU07";"Comandante del ROU ""COMODORO COE""";;"ARMADA NACIONAL-PREFECTURA NACIONAL NAVAL-PLAN DE COMUNICACIONES-PRENA Nº 1/03-2006"
"ROU10";"Comandante del ROU ""COLONIA""";;"ARMADA NACIONAL-PREFECTURA NACIONAL NAVAL-PLAN DE COMUNICACIONES-PRENA Nº 1/03-2006"
"ROU11";"Comandante del ROU ""RIO NEGRO""";;"ARMADA NACIONAL-PREFECTURA NACIONAL NAVAL-PLAN DE COMUNICACIONES-PRENA Nº 1/03-2006"
"ROU12";"Comandante del ROU ""PAYSANDÚ""";;"ARMADA NACIONAL-PREFECTURA NACIONAL NAVAL-PLAN DE COMUNICACIONES-PRENA Nº 1/03-2006"
"ROU20";"Comandante del ROU ""CAPITAN MIRANDA""";;"ARMADA NACIONAL-PREFECTURA NACIONAL NAVAL-PLAN DE COMUNICACIONES-PRENA Nº 1/03-2006"
"ROU21";"Comandante del ROU ""SIRIUS""";;"ARMADA NACIONAL-PREFECTURA NACIONAL NAVAL-PLAN DE COMUNICACIONES-PRENA Nº 1/03-2006"
"ROU22";"Comandante del ROU ""OYARVIDE""";;"ARMADA NACIONAL-PREFECTURA NACIONAL NAVAL-PLAN DE COMUNICACIONES-PRENA Nº 1/03-2006"
"ROU23";"Comandante del ROU ""MALDONADO""";;"ARMADA NACIONAL-PREFECTURA NACIONAL NAVAL-PLAN DE COMUNICACIONES-PRENA Nº 1/03-2006"
"ROU26";"Comandante del ROU ""VANGUARDIA""";;"ARMADA NACIONAL-PREFECTURA NACIONAL NAVAL-PLAN DE COMUNICACIONES-PRENA Nº 1/03-2006"
"ROU27";"Comandante del ROU ""BANCO ORTIZ""";;"ARMADA NACIONAL-PREFECTURA NACIONAL NAVAL-PLAN DE COMUNICACIONES-PRENA Nº 1/03-2006"
"ROU31";"Comandante del ROU ""TEMERARIO""";;"ARMADA NACIONAL-PREFECTURA NACIONAL NAVAL-PLAN DE COMUNICACIONES-PRENA Nº 1/03-2006"
"ROU33";"Comandante del ROU ""FORTUNA""";;"ARMADA NACIONAL-PREFECTURA NACIONAL NAVAL-PLAN DE COMUNICACIONES-PRENA Nº 1/03-2006"
"ROU34";"Comandante del ROU ""AUDAZ""";;"ARMADA NACIONAL-PREFECTURA NACIONAL NAVAL-PLAN DE COMUNICACIONES-PRENA Nº 1/03-2006"
"ROU441";"Encargado de la Lancha ROU441";;"ARMADA NACIONAL-PREFECTURA NACIONAL NAVAL-PLAN DE COMUNICACIONES-PRENA Nº 1/03-2006"
"ROU442";"Encargado de la Lancha ROU442";;"ARMADA NACIONAL-PREFECTURA NACIONAL NAVAL-PLAN DE COMUNICACIONES-PRENA Nº 1/03-2006"
"ROU443";"Encargado de la Lancha ROU443";;"ARMADA NACIONAL-PREFECTURA NACIONAL NAVAL-PLAN DE COMUNICACIONES-PRENA Nº 1/03-2006"
"ROU444";"Encargado de la Lancha ROU444";;"ARMADA NACIONAL-PREFECTURA NACIONAL NAVAL-PLAN DE COMUNICACIONES-PRENA Nº 1/03-2006"
"ROU445";"Encargado de la Lancha ROU445";;"ARMADA NACIONAL-PREFECTURA NACIONAL NAVAL-PLAN DE COMUNICACIONES-PRENA Nº 1/03-2006"
"ROU446";"Encargado de la Lancha ROU446";;"ARMADA NACIONAL-PREFECTURA NACIONAL NAVAL-PLAN DE COMUNICACIONES-PRENA Nº 1/03-2006"
"ROU447";"Encargado de la Lancha ROU447";;"ARMADA NACIONAL-PREFECTURA NACIONAL NAVAL-PLAN DE COMUNICACIONES-PRENA Nº 1/03-2006"
"ROU448";"Encargado de la Lancha ROU448";;"ARMADA NACIONAL-PREFECTURA NACIONAL NAVAL-PLAN DE COMUNICACIONES-PRENA Nº 1/03-2006"
"ROU449";"Encargado de la Lancha ROU449";;"ARMADA NACIONAL-PREFECTURA NACIONAL NAVAL-PLAN DE COMUNICACIONES-PRENA Nº 1/03-2006"
"ROU70";"Encargado de la Lancha ROU70";;"ARMADA NACIONAL-PREFECTURA NACIONAL NAVAL-PLAN DE COMUNICACIONES-PRENA Nº 1/03-2006"
"ROU71";"Encargado de la Lancha ROU71";;"ARMADA NACIONAL-PREFECTURA NACIONAL NAVAL-PLAN DE COMUNICACIONES-PRENA Nº 1/03-2006"
"ROU72";"Encargado de la Lancha ROU72";;"ARMADA NACIONAL-PREFECTURA NACIONAL NAVAL-PLAN DE COMUNICACIONES-PRENA Nº 1/03-2006"
"ROU73";"Encargado del Remolcador ""GRITO DE ASENCIO""";;"ARMADA NACIONAL-PREFECTURA NACIONAL NAVAL-PLAN DE COMUNICACIONES-PRENA Nº 1/03-2006"
"ROYF";"Reglamento de Organización Y Funcionamiento";;
"S/0";"Sub/Oficial";;
"S/A";"Sin/Antecedentes";;
"s/n°";"sin número";;
"S&TI";"INTELIGENCIA TÉCNICA Y CIENTÍFICA";"Denominación Internacional";
"sa";"sin año";;
"SANAV";"Dirección de Sanidad Naval";;
"SAR";;;
"SCAGRUBU";"Sub Centro Asistencial GRUBU.";;"ARMADA NACIONAL-PREFECTURA NACIONAL NAVAL-PLAN DE COMUNICACIONES-PRENA Nº 1/03-2006"
"SCAPRECO";"Sub Centro Asistencial Colonia.";;"ARMADA NACIONAL-PREFECTURA NACIONAL NAVAL-PLAN DE COMUNICACIONES-PRENA Nº 1/03-2006"
"SCAPRERI";"Sub Centro Asistencial Rio Branco.";;"ARMADA NACIONAL-PREFECTURA NACIONAL NAVAL-PLAN DE COMUNICACIONES-PRENA Nº 1/03-2006"
"SCAPREVI";"Sub Centro Asistencial Trouville.";;"ARMADA NACIONAL-PREFECTURA NACIONAL NAVAL-PLAN DE COMUNICACIONES-PRENA Nº 1/03-2006"
"SCASOHMA";"Sub Centro Asistencial del Servicio Oceanográfico, Hidrográfico y Meteorológico de la Armada.";;"ARMADA NACIONAL-PREFECTURA NACIONAL NAVAL-PLAN DE COMUNICACIONES-PRENA Nº 1/03-2006"
"SCASUBCA";"Sub Centro Asistencial Carmelo.";;"ARMADA NACIONAL-PREFECTURA NACIONAL NAVAL-PLAN DE COMUNICACIONES-PRENA Nº 1/03-2006"
"SCASUCHU";"Sub Centro Asistencial Chuy.";;"ARMADA NACIONAL-PREFECTURA NACIONAL NAVAL-PLAN DE COMUNICACIONES-PRENA Nº 1/03-2006"
"SCASULAC";"Sub Centro Asistencial Juan Lacaze.";;"ARMADA NACIONAL-PREFECTURA NACIONAL NAVAL-PLAN DE COMUNICACIONES-PRENA Nº 1/03-2006"
"SCASUVAZ";"Sub Centro Asistencial Santiago Vazquez.";;"ARMADA NACIONAL-PREFECTURA NACIONAL NAVAL-PLAN DE COMUNICACIONES-PRENA Nº 1/03-2006"
"SCRA";"Servicio Construcción Reparaciones y Armamento de la armada";;
"sd";"sin día";;
"SEARM";"SErvicio de ARMamento de la armada";;
"SEBAX";"SErvicio de Buques AuXiliares de la armada";;
"SECAR";"Secretario del Comandante en Jefe de la Armada.";;"ARMADA NACIONAL-PREFECTURA NACIONAL NAVAL-PLAN DE COMUNICACIONES-PRENA Nº 1/03-2006"
"SECON";"SErvicio de hacienda y CONtabilidad de la armada nacional";;
"SECON";"Servicio de Hacienda y Contabilidad de la Armada";;"ARMADA NACIONAL-PREFECTURA NACIONAL NAVAL-PLAN DE COMUNICACIONES-PRENA Nº 1/03-2006"
"SEFIC";"SEcretaría FInanciero Contable";;
"SEFIC";"Secretaría Financiero Contable de la Prefectura Nacional Naval.";;"ARMADA NACIONAL-PREFECTURA NACIONAL NAVAL-PLAN DE COMUNICACIONES-PRENA Nº 1/03-2006"
"SEG PORT";"SEGuridad PORTuaria";;
"SEGCOM";"SEGuridad en las COMunicaciones";;
"SEGIT";"SErvicio de Gestión Informática y Telecomunicaciones de la armada";;
"SEINT";"SEcretaría de INTeligencia naval";;
"SEINT-N2-DINTE";"SEcretaría de INTeligencia N2- DIrección de INTEligencia";;
"SELAR";"Servicio de ELectrónica de la Armada";;
"SEMER";"Secretario Dirección Registral y de Marina Mercante";;"ARMADA NACIONAL-PREFECTURA NACIONAL NAVAL-PLAN DE COMUNICACIONES-PRENA Nº 1/03-2006"
"SEMGA";"Secretaria del Estado Mayor General de la Armada";;
"SEMGA";"Secretaria del Jefe del Estado Mayor General de la Armada.";;"ARMADA NACIONAL-PREFECTURA NACIONAL NAVAL-PLAN DE COMUNICACIONES-PRENA Nº 1/03-2006"
"SEPLACODI";"SEcretaría de PLAneamiento COordinación Y DIfusión de presidencia";;
"SEPMA";"SEcretaría de Protección MArítima";;
"SEPRE";"SEcretaría de la PREfectura nacional naval";;
"SERAP";"Servicio de Aprovisionamiento de la Armada.";;"ARMADA NACIONAL-PREFECTURA NACIONAL NAVAL-PLAN DE COMUNICACIONES-PRENA Nº 1/03-2006"
"SERBA";"SERvicio de iluminación y Balizamiento de la Armada";;
"SERCO";;;
"SERCO";"Servicio de Construcciones, Reparaciones y Armamentos de la Armada.";;"ARMADA NACIONAL-PREFECTURA NACIONAL NAVAL-PLAN DE COMUNICACIONES-PRENA Nº 1/03-2006"
"SERDA";"SERvicio De Armamento";;
"SERID";;;
"SERIN";"SERvicio de Instalaciones Navales";;
"SERPA";;;
"SERPAJ";"SERvicio de PAz y Justicia";;
"SERRE";"SERvicio de REtiro";;
"SERSA";"SERvicio de Sanidad de la Armada";;
"SERV";"SEguridad Venezolano";;
"SERYO";;;
"SETRA";"Servicio de Transporte de la Armada.  ";;"ARMADA NACIONAL-PREFECTURA NACIONAL NAVAL-PLAN DE COMUNICACIONES-PRENA Nº 1/03-2006"
"sf";"sin fecha";;
"SHOMA";"Servicio de Oceanografía, Hidrografía y Meteorología de la Armada";;
"SID";"Servicio de Informacion de Defensa";;
"SIE";"Servicio de Inteligencia del Ejército";;
"SIFA";"Servicio de Información sobre las Fuerzas Armadas";;
"SIGINT";"INTELIGENCIA DE SEÑALES";"Denominación Internacional";
"SIGINT";"Información de Tramitaciones";;
"SIJAU";"Secretaría ó (Secretariado) Internacional de Juristas por la Amnistía en Uruguay";;
"SIM";"Servicio de Información Militar";;
"SIN";"Servicio de Información Naval (Argentina)";;
"SIP";"Sistema de Informacion Policial";;
"SIPNA";"Servicio  de Información de la Prefectura Naval Argentina";;
"sl";"sin lugar";;
"SLJ";"Semanario La Juventud";;"BAF 026 N.º 946- BIDEGAIN MENDIHARAT Jean Paul; BAF 026 N.º -GONZALES METHOL SLJ N.º 106 PAG16 2/11/85"
"sm";"sin mes";;
"SNI";"Servicio Nacional de Informaciones (Brasil)";;
"SOHMA";"Servicio de Oceanografía, Hidrografía y Meteorología de la Armada";;"ARMADA NACIONAL-PREFECTURA NACIONAL NAVAL-PLAN DE COMUNICACIONES-PRENA Nº 1/03-2006"
"SOL DATOS";;;
"SOLANT";"SOLicitud de ANTecedentes";;
"SOLIN";"SOLicitud de INformación";;
"SOM";"Sub Oficial Mayor";;
"SOYP";"Servicio de Oceanografía Y Pesca";;
"SPFU";"Sub-oficial de 1ra Fusileros";;
"SRMN";;;
"SSE";"Servicio Sanitario Ejercito";;
"SSFU";"Sub-oficial de 2da Fusileros";;
"SSOO";"SubOficiales";;
"SSP";"Servicio de Seguridad Portuaria";;
"STC";"Siga Trámite Común";;
"STM";"Supremo Tribunal Militar.";;"ARMADA NACIONAL-PREFECTURA NACIONAL NAVAL-PLAN DE COMUNICACIONES-PRENA Nº 1/03-2006"
"SUANP";"Sindicato Unico de la Administracion Nacional de Puertos";;
"SUNCA";"Sindicato Unico Nacional de la Construcción y Anexos";;
"SUBAR";"Sub Prefecto de Artigas.";;"ARMADA NACIONAL-PREFECTURA NACIONAL NAVAL-PLAN DE COMUNICACIONES-PRENA Nº 1/03-2006"
"SUBCA";"SUBprefectura del puerto de C Armelo";;
"SUBCA";"Sub Prefectura de Carmelo.";;"ARMADA NACIONAL-PREFECTURA NACIONAL NAVAL-PLAN DE COMUNICACIONES-PRENA Nº 1/03-2006"
"SUBCI";"SUBprefectura de jose ignaCIo";;
"SUBEL";"SUBprefectura de BELla unión";;
"SUBLY";"Subprefectura del Puerto de Solymar";;
"SUCHA";"SUbprefectura de la CHArqueada";;
"SUCHU";"SUbprefectura de CHUy";;
"SUCOS";"SUbprefectura de ciudad de la COSta";;
"SUDIPER";"Sub Dirección General de Personal Naval";;"ARMADA NACIONAL-PREFECTURA NACIONAL NAVAL-PLAN DE COMUNICACIONES-PRENA Nº 1/03-2006"
"SUDOL";"SUbprefectura de DOLores";;
"SUDORA";" Sindicato Único de Obreros Rurales y Agroindustriales";;
"SUFLO";"SUbprefectura de la FLOresta";;
"SULAC";"SUbprefectura de juan LACaze";;
"SUMER";"Sub Prefecto de Mercedes.";;"ARMADA NACIONAL-PREFECTURA NACIONAL NAVAL-PLAN DE COMUNICACIONES-PRENA Nº 1/03-2006"
"SUMI";"SUMario de Inteligencia o de Información";;
"SUNCA";"Sindicato Unico Nacional de la Construcción y Anexos";;
"SUNTMA";"Sindicato Unico de Trabajadores del Mar y Afines";;
"SUPIR";"SUbprefectura de PIRiapólis";;
"SUVAZ";"SUbprefectura de santiago VAZquez";;
"SUVIL";"SUbprefectura de trouVIL";;
"SVP";"Servicio Veterinario de Remonta";;
"TECHINT";"Informa técnica";;
"TFP";"Tradición Familia y Propiedad";;
"TI";"Trámite Interno (SID)";;
"TRABU";"Trámites de Buques Históricos Hundidos";;
"TRABU";"Oficina de Buques Históricos Hundidos.";;"ARMADA NACIONAL-PREFECTURA NACIONAL NAVAL-PLAN DE COMUNICACIONES-PRENA Nº 1/03-2006"
"TRIAM";"Tribunal de Accidentes Marítimos";;"ARMADA NACIONAL-PREFECTURA NACIONAL NAVAL-PLAN DE COMUNICACIONES-PRENA Nº 1/03-2006"
"TRIAS";"Tribunal Superior de Ascensos y Recursos.";;"ARMADA NACIONAL-PREFECTURA NACIONAL NAVAL-PLAN DE COMUNICACIONES-PRENA Nº 1/03-2006"
"TRIHON1";"Tribunal Especial de Honor.";;"ARMADA NACIONAL-PREFECTURA NACIONAL NAVAL-PLAN DE COMUNICACIONES-PRENA Nº 1/03-2006"
"TRIHON2";"Tribunal General de Honor.";;"ARMADA NACIONAL-PREFECTURA NACIONAL NAVAL-PLAN DE COMUNICACIONES-PRENA Nº 1/03-2006"
"TRIHON3";"Tribunal de Honor para Oficiales Subalternos.";;"ARMADA NACIONAL-PREFECTURA NACIONAL NAVAL-PLAN DE COMUNICACIONES-PRENA Nº 1/03-2006"
"TROPICO 332";"Equipo de Batallón d eIngenieros Mecánicos 13";;
"TSAR";;;
"TSARE";"Tribunal Superior de Ascensos y Recursos del Ejército";;
"UC";"Union Civica";;
"UJC";"Unión de Juventudes Comunistas";;
"UNAP";"UNidad de APOyo de la prefectura nacional naval";;
"UNAPO";"UNidad de APOyo de la prefectura nacional naval";;
"UNCOVI";"Unión Nacional de COoperativa de VIvienda";;
"UNIDADES FLOTANTES";;;
"UP";"Union Popular";;"Dossier 2204"
"UPF.1";"Comandante de la Unidad de Patrulla Fluvial 1 en la R. D. Del CONGO";;"ARMADA NACIONAL-PREFECTURA NACIONAL NAVAL-PLAN DE COMUNICACIONES-PRENA Nº 1/03-2006"
"UPF.2";"Comandante de la Unidad de Patrulla Fluvial 2 en la R. D. Del CONGO";;"ARMADA NACIONAL-PREFECTURA NACIONAL NAVAL-PLAN DE COMUNICACIONES-PRENA Nº 1/03-2006"
"UPF.3";"Comandante de la Unidad de Patrulla Fluvial 3 en la R. D. Del CONGO";;"ARMADA NACIONAL-PREFECTURA NACIONAL NAVAL-PLAN DE COMUNICACIONES-PRENA Nº 1/03-2006"
"UPF.4";"Comandante de la Unidad de Patrulla Fluvial 4 en la R. D. Del CONGO";;"ARMADA NACIONAL-PREFECTURA NACIONAL NAVAL-PLAN DE COMUNICACIONES-PRENA Nº 1/03-2006"
"URC";"Union Radical Cristiana";;"Dossier 2208"
"URPAC";;;"ARMADA NACIONAL-PREFECTURA NACIONAL NAVAL-PLAN DE COMUNICACIONES-PRENA Nº 1/03-2006"
"URPAC";"Cte. De la Compañía de Patrulla Fluvial uruguaya en CONGO,  Mbandaka.";;"ARMADA NACIONAL-PREFECTURA NACIONAL NAVAL-PLAN DE COMUNICACIONES-PRENA Nº 1/03-2006"
"URPAC KILOCte.";" De la Compañía de Patrulla Fluvial uruguaya en CONGO,  Kisangani.";;"ARMADA NACIONAL-PREFECTURA NACIONAL NAVAL-PLAN DE COMUNICACIONES-PRENA Nº 1/03-2006"
"URUCAM";"Asesor Uruguayo del Coordinador del Área Marítima del Atlántico Sur.";;"ARMADA NACIONAL-PREFECTURA NACIONAL NAVAL-PLAN DE COMUNICACIONES-PRENA Nº 1/03-2006"
"URUPAC";;;
"URSS";"Unión de Repúblicas Socialistas Soviéticas";;
"USACBL";"Unidad de Servicio del Aerodromo Capitan Boizo Lanza";;
"UTE";"Usinas Termoeléctricas del Estado";;
"UU/FF";;;"ARMADA NACIONAL-PREFECTURA NACIONAL NAVAL-PLAN DE COMUNICACIONES-PRENA Nº 1/03-2006"
"VIP";"Very Important Person";;
"VoBo";"VistoBueno";;
"YCU";"Yatch Club Uruguay";;
"ZAF";"Zona de Ataques por Fuego";;
